id,post_type,post_title,post_link,post_created,post_sentiment,creator_id,creator_name,creator_display_name,creator_followers,creator_avatar,interactions_24h,interactions_total
1818259483581464645,tweet,"$WIF 

LTF 

#wif #wifusdt #dogwifhat",https://twitter.com/pauloricci8kk/status/1818259483581464645,1722341817,3.0,twitter::1649840755966345216,pauloricci8kk,Paulo Ricci,2144,https://pbs.twimg.com/profile_images/1709600237122170880/tBJlWEtA_200x200.jpg,1243,1233
pSfCbNRCdi0,youtube-video,üü¢ WIF USDT DOGWIFHAT Live Trading Educational chart,https://youtube.com/watch?v=pSfCbNRCdi0,1709641404,3.26,youtube::UCsasPMe7Jaa8RM4B_j8Qhxg,XRPGEN,Forex Education Live,42,https://yt3.ggpht.com/UtEhhI5nBa7MRGnam0FuAYmOf2u1KMUvL2NHbVKLVDUp96U8sDKaoDS75wtO_7Y1csTUo3lP1w=s88-c-k-c0x00ffffff-no-rj,101,41701
7378986303548951841,tiktok-video,Top 3 #memecoins for the #bullmarket #altcoins #memes ,https://www.tiktok.com/@crypto_pedro/video/7378986303548951841,1718054137,3.2,tiktok::7076486308268459013,crypto_pedro,Pedro Teixeira,18200,http://p16-amd-va.tiktokcdn.com/tos-maliva-avt-0068/8e01400bac0f8ce82c2b36524438e700~tplv-tiktokx-cropcenter-q:100:100:q75.webp?nonce=26577&ps=95&refresh_token=32fb2121c6266c4fa546f27483a218bd&s=AWEME_DETAIL&sc=avatar&shcp=1d1a97fc&shp=45126217&t=46,928,35945
1816168635645284511,tweet,"3. High Cap

‚óè @dogwifcoin - $WIF

Popular meme Dogwifhat vibes wif frens onchain

$WIF is a popular memecoin on Solana. While it lacks any known utility, it boasts a strong community.",https://twitter.com/wacy_time1/status/1816168635645284511,1721843320,3.22,twitter::1410927296614178816,wacy_time1,AlŒûx Wacy üåê,180575,https://pbs.twimg.com/profile_images/1645048040133210123/gUPtadna_200x200.jpg,173,4160
7325391170392050976,tiktok-video,Wif is going to flip Bonk as it becomes solanas second largest memecoin #wif #dogwifhat #dogwithhat #solana #memecoin #meme ,https://www.tiktok.com/@365cryptos/video/7325391170392050976,1705575550,3.0,tiktok::7307370243423618080,365cryptos,365Crypto,3236,http://p16-useast2a.tiktokcdn.com/tos-useast2a-avt-0068-euttp/effcf11b6fed4422a00f25ecdb486621~tplv-tiktokx-cropcenter-q:100:100:q75.webp?nonce=70970&ps=95&refresh_token=083efd65d8580357f91ac737edef9cf3&s=AWEME_DETAIL&sc=avatar&shcp=1d1a97fc&shp=45126217&t=46,488,70547
1810733918414590424,tweet,"The Dog has a hat, the cat has a bag:

What is catwifbag?

catwifbag is a meme originally inspired by a post from Ma Babez @achichuchu 
She is the owner of the dogwifhat dog 'Achi', catwifbag cat ""Chuchu"" and the original creator of the viral dogwifhat meme.

$BAG üëá",https://twitter.com/wifbag/status/1810733918414590424,1720547582,3.19,twitter::1766677944687099904,wifbag,catwifbag,8964,https://pbs.twimg.com/profile_images/1766678153320071169/DNBVOmYv_200x200.png,1509,5307
1817991712049885413,tweet,"The thesis is simple 
$BAG",https://twitter.com/wifbag/status/1817991712049885413,1722277975,3.24,twitter::1766677944687099904,wifbag,catwifbag,8964,https://pbs.twimg.com/profile_images/1766678153320071169/DNBVOmYv_200x200.png,1444,2220
1818349165375631592,tweet,"Die Zukunft von WIF steht auf der Kippe. Wird der Kurs im August auf 0 fallen?
Die Spannung steigt! üìâ #Dogwifhat #KryptoMarkt 
",https://twitter.com/cryptotickerDE/status/1818349165375631592,1722363198,2.38,twitter::1012981245951635456,cryptotickerDE,CryptoTicker,8565,https://pbs.twimg.com/profile_images/1719733774697512960/cXPagA8C_200x200.jpg,127,127
1818343764517093454,tweet,"Most of the time I‚Äôm honestly just happy to have the opportunity most of them aren‚Äôt aware exists or thinks crypto is a scam (they‚Äôre probably right) 

It is ridiculous I had the ability and bought Solana < $10 or Dogwifhat at .005. A ridiculous blessing.",https://twitter.com/0xP0RTAL/status/1818343764517093454,1722361911,3.08,twitter::1357475779366551554,0xP0RTAL,PORTAL,1395,https://pbs.twimg.com/profile_images/1759593166217379842/5ffaT1Oy_200x200.jpg,171,172
1818030092305752295,tweet,"...that's a LOT of $WIF 
ellio dogwifhat üß¢",https://twitter.com/bohotrades/status/1818030092305752295,1722287126,3.31,twitter::142963655,bohotrades,b o h o üåäŒ£,1421,https://pbs.twimg.com/profile_images/1815767037568020480/kDBapjgz_200x200.jpg,778,780
1816925129735012853,tweet,if this nigga saylor can say bitcoin is going to one quadrillion i sure as hell can say dogwifhat going to $100B,https://twitter.com/blknoiz06/status/1816925129735012853,1722023682,2.33,twitter::973261472,blknoiz06,Ansem üêÇüÄÑÔ∏è,477469,https://pbs.twimg.com/profile_images/1813008742624997376/cN6aRUge_200x200.jpg,248,149617
1817852244466794817,tweet,wif to $100,https://twitter.com/DocumentingWIF/status/1817852244466794817,1722244723,3.0,twitter::1770016076325093376,DocumentingWIF,Documenting dogwifhat üìÑüê∂üß¢,1120,https://pbs.twimg.com/profile_images/1770037886093541376/nAjxQwcd_200x200.jpg,1425,3789
1816627821563031600,tweet,"Literally nothing healthier for the industry than 

1) getting GOX behind us
2) sending Grayscale to literal zero
3) stopping the ETF‚Äôs with ETH 

SOL boys in disbelief

But trust me you don‚Äôt want a SOL ETF

If we get a SOL one weel have a dogwifhat ETF too

You think that will help with liquidity?

You think your coins will ever pump again?

This industry will get sent back to the stone age as our only source of new money is diluted across 1,000x garbage tier products

And people wonder why I hate SOL lol

You idiots are calling for the end of everything just to pump your retardmemecoin#4000

No.

BTC and ETH only.

Healthy industry with the two big dogs at the top and steady institutional capital.",https://twitter.com/kale_abe/status/1816627821563031600,1721952798,3.16,twitter::1282858909833801728,kale_abe,Kale Abe,72700,https://pbs.twimg.com/profile_images/1655769329793744898/h3kzCYBV_200x200.jpg,609,8231
1818360876485034088,tweet,"@Poe_Ether Look no farther. The gem is $BEANIE, first dogwifhat, 2019

H8uMgaBTAoczhEuZFGZRUECipvyaL72RfF32dQ3tBrkX",https://twitter.com/dogwifbeaniesol/status/1818360876485034088,1722365991,2.65,twitter::1765145320797925376,dogwifbeaniesol,Dogwifbeanie,353,https://pbs.twimg.com/profile_images/1765145486439383040/BYpWOCK6_200x200.jpg,44,44
1766680047547494658,tweet,"iight bros, it's time, we're putting dogwifhat on the vegas sphere ü´®",https://twitter.com/blknoiz06/status/1766680047547494658,1710044321,3.0,twitter::973261472,blknoiz06,Ansem üêÇüÄÑÔ∏è,477527,https://pbs.twimg.com/profile_images/1813008742624997376/cN6aRUge_200x200.jpg,191,5408565
1736676424977719528,tweet,"so it's a dog, but wif, a hat 

these new crypto memes spontaneously emerge as viral symbols prevalent in digital culture, a rallying cry for those internet natives disllusioned with the typical 9-to-5 grind - dogwifhat may quite literally be the first dog coin to ever hit $1.00",https://twitter.com/blknoiz06/status/1736676424977719528,1702890900,2.85,twitter::973261472,blknoiz06,Ansem üêÇüÄÑÔ∏è,477467,https://pbs.twimg.com/profile_images/1813008742624997376/cN6aRUge_200x200.jpg,163,352529
1813978109911437490,tweet,"my safe haven asset is pudgy penguins and my make it bag is dogwifhat

ima zookeeper",https://twitter.com/sqalef/status/1813978109911437490,1721321058,3.3,twitter::150373645,sqalef,Sqalef,1218,https://pbs.twimg.com/profile_images/1770623165439623168/HFwGZT-P_200x200.jpg,9,83
1818315619089240335,tweet,"‚ùîWhat's the name of the $WIF dog‚ùî

It's $Achi - proof is in the NFT sale, Achi, the dogwifhat purchased for 1200 ETH from @GiganticRebirth :

How about the owner herself?


With this news, what's stopping you from getting in?",https://twitter.com/Achicoinsol/status/1818315619089240335,1722355200,2.95,twitter::1788835286375337984,Achicoinsol,ACHI,1630,https://pbs.twimg.com/profile_images/1793303928710275072/YkU7UPwB_200x200.jpg,71,73
1817851487705292882,tweet,"Solana Memecoins To Buy: $HINU, $BONK, $WIF, And $BOME

The Solana blockchain boasts several prime memecoins, but four projects stand out for their excellent profit potential: Husky Inu ($HINU), Bonk ($BONK), Dogwifhat ($WIF), and BOOK OF MEME ($BOME).¬†

",https://twitter.com/cryptodailyuk/status/1817851487705292882,1722244543,3.04,twitter::910120075637686272,cryptodailyuk,Crypto Daily‚Ñ¢,87372,https://pbs.twimg.com/profile_images/1742124567101890561/hnr9hujN_200x200.jpg,5509,6165
7397444292765158662,tiktok-video,Animation for giga  #crypto #coin #pepe #giga #dogwifhat ,https://www.tiktok.com/@umi.labs/video/7397444292765158662,1722351721,3.0,tiktok::7395614268450178054,umi.labs,Umi Labs,1,http://p16-amd-va.tiktokcdn.com/tos-maliva-avt-0068/d77a8b8bebb475f865b46a4cdd3cd65d~tplv-tiktokx-cropcenter-q:100:100:q75.webp?nonce=54548&ps=95&refresh_token=753eaf807ef05cd9a6f110bbdeed9fb3&s=AWEME_DETAIL&sc=avatar&shcp=1d1a97fc&shp=45126217&t=46,91,91
1808702400141672818,tweet,"üé® #Solana breaks records with its samecoins, surpassing #Ethereum by 800%

üöÄ #SOL has taken steps to clean up its ecosystem of #mecoins, which has paid off. üëá

$Dogwifhat $Bonk $Billy

",https://twitter.com/CointribuneEN/status/1808702400141672818,1720063230,3.31,twitter::1406888172416552961,CointribuneEN,Cointribune EN,679,https://pbs.twimg.com/profile_images/1406888358450696198/iuMPT1sf_200x200.jpg,7,80
1818002539125817545,tweet,@CoinbaseAssets @coinbase @CoinbaseExch Is Stader another name for DogWifHat?,https://twitter.com/CryptoCurb/status/1818002539125817545,1722280556,3.0,twitter::878275753842008064,CryptoCurb,Curb‚óé,34946,https://pbs.twimg.com/profile_images/1806079994000478208/PyfujI-a_200x200.jpg,525,1277
ip70_4z_Hj0,youtube-video,üî¥Live DogWifHat(WIF) 5 Minute Buy And Sell Signals-Trading Signals-Scalping Strategy-Diamond Algo-,https://youtube.com/watch?v=ip70_4z_Hj0,1709641995,3.33,youtube::UC1t1Y2T2jZKnVSsE4D5jQPw,forexcryptolive,Forex & Crypto Live,34500,https://yt3.ggpht.com/LBWH_6ipOrQnkjJa3I9ZjjmPVMrMGH4e8lNmv1b1a7gxiKMS12tfXnoYLmXM_UiiqnFpIuuznfg=s88-c-k-c0x00ffffff-no-rj,197,34519
1767938938109415801,tweet,bink! dogwifhat on sphere fully funded ‚úÖ,https://twitter.com/blknoiz06/status/1767938938109415801,1710344464,3.0,twitter::973261472,blknoiz06,Ansem üêÇüÄÑÔ∏è,477516,https://pbs.twimg.com/profile_images/1813008742624997376/cN6aRUge_200x200.jpg,158,3111238
t3_1ebv9cv,reddit-post,BAMBIT: From Heartwarming Origins to Crypto Fame on Solana! ,https://reddit.com/1ebv9cv,1721915081,2.86,reddit::t2_7px669gj,kadobaba66tr,kadobaba66tr,10284,https://i.redd.it/snoovatar/avatars/8dafc1b1-ad34-42ce-98f6-8f58186dda17-headshot.png,22,166
t3_1boqien,reddit-post,Crypto Market Foundations Strong as DogWifHat outpaces Bonk and Doge ,https://reddit.com/1boqien,1711505493,3.29,reddit::t2_fgixs,AussieCryptoCurrency,AussieCryptoCurrency,44274,"https://styles.redditmedia.com/t5_1rovow/styles/profileIcon_snooc0caa627-8fa7-45e4-a63c-3ebd2afa0b80-headshot-f.png?width=256&height=256&crop=256:256,smart&s=de541648ae004feceda11741c4b02d4dd159680b",9,377
1817771166003855419,tweet,"Weekly Alpha Trades

1/10) #Dogwifhat rallied +9% last 1w. As reported by Forbes, Dogwifhat was the best-performing cryptocurrency in the first half of 2024, boasting a 1300% increase since the start of the year. The meme coin is a new favorite among investors, beating out other popular large-cap meme coins, #Dogecoin(+38%) and #ShibaInu (+60%). Mkt cap $2.5 bn.",https://twitter.com/10x_Research/status/1817771166003855419,1722225393,3.11,twitter::1577559897197010944,10x_Research,10x Research,6509,https://pbs.twimg.com/profile_images/1770969118306660352/DLKfLwDj_200x200.jpg,624,1311
1817304839275028815,tweet,catwifhat and dogwifhat getting gnarly üåä,https://twitter.com/catwifhatsolana/status/1817304839275028815,1722114212,3.0,twitter::902030171380830208,catwifhatsolana,catwifhat $CWIF,216966,https://pbs.twimg.com/profile_images/1782966859639181314/9v04YHyb_200x200.jpg,118,11699
1818314311795904934,tweet,"who me?

yeah i'm WEIRD

Wildly
Eccentric
Individual
Rocking
Dogwifhat

the ticker is $WIF",https://twitter.com/xMaverick777/status/1818314311795904934,1722354889,2.89,twitter::702394812234907648,xMaverick777,Maverick,1577,https://pbs.twimg.com/profile_images/1786820964442935296/8I780lTq_200x200.jpg,107,108
rR9fisULs24,youtube-video,CatWifHat [ $CWIF ]: A New Meme Token with Huge Potential on the Solana Blockchain!,https://youtube.com/watch?v=rR9fisULs24,1716558155,3.06,youtube::UClW_2mHHxlg4cVvvHBOmJFg,CRYPTOLADYY,CRYPTO LADY,161,https://yt3.ggpht.com/dnUMnyhsB_xkYpRwC5pz7lTlihBjasXePXPW3rhhKHnXFxmIYcTosqub13CTi5MfRNUcPr2SAYI=s88-c-k-c0x00ffffff-no-rj,9,151940
1818295633016443377,tweet,"Neiro will never replace doge, Shiba or DogwifHat",https://twitter.com/MoonPieJoe/status/1818295633016443377,1722350435,3.0,twitter::744436802770051072,MoonPieJoe,Moonpies.sol,7070,https://pbs.twimg.com/profile_images/1785409551103053825/CBfBqrVk_200x200.jpg,212,213
1817361257344950737,tweet,"Can you imagine years ago, @blknoiz06 was like this is the first dogwifhat, instead of the one the community chose

The fall off will be researched to unprecedented levels",https://twitter.com/CookerFlips/status/1817361257344950737,1722127663,3.17,twitter::1189381231198134272,CookerFlips,Cooker | Darn.eth | Kms.eth,69528,https://pbs.twimg.com/profile_images/1815621576660021248/CgjU-9-L_200x200.jpg,149,12036
1818314052168519812,tweet,@JLKHatesYou Study dogwifhat on eth,https://twitter.com/mud_tdot/status/1818314052168519812,1722354827,3.0,twitter::766672376775974912,mud_tdot,Mud,121,https://pbs.twimg.com/profile_images/766770846056742912/q-DsCIeU_200x200.jpg,24,24
H3R7lghDICE,youtube-video,How to Buy Meme Coins on Solana with Phantom Wallet (+Altcoins and NFT's),https://youtube.com/watch?v=H3R7lghDICE,1711464054,3.08,youtube::UCZBlMciiGHxV9KST9hAT7Gw,milkspicytv,Milk Spicy TV,657,https://yt3.ggpht.com/oYuxzrLLsjQAdC09mCgbp7GmFdF2s3BJaKyfqD7Yed739DXo4rq7US6IMrVxMQ6o8oU6uuUX-A=s88-c-k-c0x00ffffff-no-rj,23,6872
t3_1ebvcl8,reddit-post,BAMBIT: From Heartwarming Origins to Crypto Fame on Solana! ,https://reddit.com/1ebvcl8,1721915321,2.86,reddit::t2_7px669gj,kadobaba66tr,kadobaba66tr,10284,https://i.redd.it/snoovatar/avatars/8dafc1b1-ad34-42ce-98f6-8f58186dda17-headshot.png,10,196
t3_1e749q2,reddit-post,Hat = On,https://reddit.com/1e749q2,1721397144,3.0,reddit::t2_10bfagd5bh,Hat0nTop,Hat0nTop,93,https://i.redd.it/snoovatar/avatars/a6cf62a8-b68e-456e-8d27-fcdc0c72954a-headshot.png,9,193
t3_1ebvg6p,reddit-post,Why BAMBIT is Poised to Join the Billion-Dollar Crypto Club! ,https://reddit.com/1ebvg6p,1721915578,2.72,reddit::t2_7px669gj,kadobaba66tr,kadobaba66tr,10284,https://i.redd.it/snoovatar/avatars/8dafc1b1-ad34-42ce-98f6-8f58186dda17-headshot.png,9,74
t3_18vww2b,reddit-post,"Dogwifhat did 10000x on Solana. Now it‚Äôs time for BSC to shine. New year, new launch, new moonshot.",https://reddit.com/18vww2b,1704116149,3.33,reddit::Necessary_Ship_3202,Necessary_Ship_3202,Necessary_Ship_3202,,,7,1774
1818167307081847290,tweet,"üì∞ Very good news for Pepe, Book of Meme, and Dogwifhat tokens



$PEPE #pepe #solana #world",https://twitter.com/InvezzPortal/status/1818167307081847290,1722319840,3.27,twitter::531415099,InvezzPortal,invezz.com,6628,https://pbs.twimg.com/profile_images/1324079025866854400/zkUYZwv0_200x200.png,126,125
1818247996187857161,tweet,"Will #dogwifhat crash to 0 in August?
üìâ While a complete crash seems unlikely, investors tread with caution as $WIF's recent dip signals potential vulnerabilities. Is it an investment opportunity or a risk?
Decide for yourself: 
",https://twitter.com/CryptotickerIo/status/1818247996187857161,1722339078,2.65,twitter::883260123241689089,CryptotickerIo,CryptoTicker,3255,https://pbs.twimg.com/profile_images/1719732275670102016/EXnEISMk_200x200.jpg,46,46
t3_1ebv8xj,reddit-post,Explore BAMBIT: The Cutest Panda in Crypto with Big Dreams!,https://reddit.com/1ebv8xj,1721915048,2.83,reddit::t2_7px669gj,kadobaba66tr,kadobaba66tr,10284,https://i.redd.it/snoovatar/avatars/8dafc1b1-ad34-42ce-98f6-8f58186dda17-headshot.png,18,150
1818344324893139228,tweet,"Ex-SPIRIT Blockchain Capital COO Emerges as BlockDAG Network CEO, Will Pepe Coin and Dogwifhat Maintain Price Surge? - ZyCrypto",https://twitter.com/sakashinatomoto/status/1818344324893139228,1722362044,2.82,twitter::1461756763229802498,sakashinatomoto,Sakashi Natomoto,75,https://pbs.twimg.com/profile_images/1461759872433901579/oGqV7vOh_200x200.jpg,11,11
t3_1dvcb7x,reddit-post,HAPPY 4TH,https://reddit.com/1dvcb7x,1720113865,4.0,reddit::t2_aor8ul4h,Fresh_Perspectives,Fresh_Perspectives,507,https://www.redditstatic.com/avatars/defaults/v2/avatar_default_1.png,10,61
1816100009990930510,tweet,catwifhat and dogwifhat ready for the Olympics #CWIF #WIF,https://twitter.com/catwifhatsolana/status/1816100009990930510,1721826958,3.0,twitter::902030171380830208,catwifhatsolana,catwifhat $CWIF,217085,https://pbs.twimg.com/profile_images/1782966859639181314/9v04YHyb_200x200.jpg,10,11446
t3_1dvzap8,reddit-post,Market Meltdown: Solana and WIF Tokens Plunge Amid Massive Sell-Off,https://reddit.com/1dvzap8,1720189702,3.0,reddit::t2_8jq58uvv,yogesh_culkin99,yogesh_culkin99,10961,https://i.redd.it/snoovatar/avatars/b0399bba-a641-439c-9efc-edb4ee7d32a1-headshot.png,1,27
1817998418221920539,tweet,"Kind of how the Dogwifhat community spends pennies and continues to achieve so much compared to VC backed marketing budgets where they see a price list and just pay it. 

Study $WIF",https://twitter.com/GamesMasterFlex/status/1817998418221920539,1722279574,3.4,twitter::4872130923,GamesMasterFlex,GamesMaster.wif üá¨üáß‚Ä£üá∫üá∏,3756,https://pbs.twimg.com/profile_images/1779732869645991936/2gRZ03ej_200x200.jpg,761,1924
1818102702678679898,tweet,"Come join the $INU Army and together we will form the strongest pack on #ETH 

#Inu #Floki #Doge #Shiba #DogWifHat",https://twitter.com/InuInuOnEth/status/1818102702678679898,1722304437,3.18,twitter::1818024462446641158,InuInuOnEth,INU | $INU,212,https://pbs.twimg.com/profile_images/1818061319347818496/6YwOAV0I_200x200.jpg,643,642
1818099335273251066,tweet,"All Pump, No Dump. 
Join Club $INU Today.

#Shiba #Doge #DogWifHat #BabyDoge #Floki",https://twitter.com/InuInuOnEth/status/1818099335273251066,1722303634,3.0,twitter::1818024462446641158,InuInuOnEth,INU | $INU,212,https://pbs.twimg.com/profile_images/1818061319347818496/6YwOAV0I_200x200.jpg,560,563
1817184184177193085,tweet,The easiest 100x in your life. $bag and $Wif live under the same roof and have the same irl owner. 4 months of accumulation. It reminds me of $bonk chart and we know what happened... It‚Äôs literally no brainer. 22x till ath and 1000x to reach dogwifhat market cap. The most bullish chart on $sol,https://twitter.com/SaiyanCryptoZ/status/1817184184177193085,1722085445,3.03,twitter::882603965514477569,SaiyanCryptoZ,SaiyanCryptoZ,860,https://pbs.twimg.com/profile_images/1741854556714065920/m3_-CA6O_200x200.jpg,383,4090
1818264483816477140,tweet,"#XRP is going up its de coupling from the market. How are people still like this it will come straight back down, I have a bag but it follows bitcoin end of. Biggest news it's had in 6 years it pumped 100 percent, then come straight back down ü§£ just buy myro or dogwifhat üò§",https://twitter.com/ChrisCas5/status/1818264483816477140,1722343009,3.19,twitter::1410222448327409664,ChrisCas5,Bring on the bull run üè¶üí∞,453,https://pbs.twimg.com/profile_images/1717990301652877313/dm257ZS2_200x200.jpg,236,239
1817931837395681678,tweet,"üìà Over the past 2 weeks, $WIF surged 39% to $2.56, hitting a $2.5B market cap!

üìä WIF is consolidating between the 0.618 and 0.786 Fibonacci levels, showing bullish signs with moving average support.

#dogwifhat #Solana #Crypto",https://twitter.com/CoinEdition/status/1817931837395681678,1722263700,3.08,twitter::1557282915410665472,CoinEdition,Coin Edition: Your Crypto News Edge Ô∏è,8385,https://pbs.twimg.com/profile_images/1742161851121618944/8_p20VMy_200x200.jpg,84,199
1817958224311763362,tweet,"this will age like a fine bordeaux shiraz 
dogwifhat üß¢ 
$WIF",https://twitter.com/bohotrades/status/1817958224311763362,1722269991,3.0,twitter::142963655,bohotrades,b o h o üåäŒ£,1423,https://pbs.twimg.com/profile_images/1815767037568020480/kDBapjgz_200x200.jpg,83,425
1817381068221345838,tweet,"$WIF fans here are some free phone backgrounds

#dogwifhat #wif #wallpaper #minecraft",https://twitter.com/flexstackAI/status/1817381068221345838,1722132386,3.38,twitter::1393395686117318663,flexstackAI,FlexStack,200830,https://pbs.twimg.com/profile_images/1770287271029424128/ukB7emPi_200x200.jpg,80,2477
1818213102006976636,tweet,"Dogwifhat (WIF) Price Breakout Soon? Trading Volume Surges Amid Bullish Price Prediction

",https://twitter.com/johnmorganFL/status/1818213102006976636,1722330758,3.0,twitter::2235329532,johnmorganFL,John Morgan,32148,https://pbs.twimg.com/profile_images/1707510467936309248/ALkIbh_U_200x200.jpg,67,67
RirkpR2QoMs,youtube-video,How I Find 100x Memecoins Before the Hype,https://youtube.com/watch?v=RirkpR2QoMs,1709675593,3.08,youtube::UCcrEA_xd9Ldf1C8DIJYdyyA,VirtualBacon,VirtualBacon,355000,https://yt3.ggpht.com/atj6qleGGxNX39X3zBIJ17oG3MdEfd90U8lL5MpqKhxboO20_FsOJIrnEKuEZvdiKjcTx6ajGg=s176-c-k-c0x00ffffff-no-rj,56,241501
1818196528491561261,tweet,"Dogwifhat Price Prediction: Should You Consider Jumping Ship to 5thScape (5SCAPE)?

",https://twitter.com/johnmorganFL/status/1818196528491561261,1722326807,3.0,twitter::2235329532,johnmorganFL,John Morgan,32164,https://pbs.twimg.com/profile_images/1707510467936309248/ALkIbh_U_200x200.jpg,57,57
1818193818006569276,tweet,"Dogwifhat ( $WIF) Price Breakout Soon? Trading Volume Surges Amid Bullish Price Prediction
",https://twitter.com/blockonomi/status/1818193818006569276,1722326161,3.0,twitter::34351198,blockonomi,Blockonomi,10351,https://pbs.twimg.com/profile_images/942694787358035969/R5iojKN3_200x200.jpg,56,56
1809558053789827340,tweet,dogwifhat > dog without a hat,https://twitter.com/Bitstamp/status/1809558053789827340,1720267234,3.0,twitter::352518189,Bitstamp,Bitstamp,503250,https://pbs.twimg.com/profile_images/1816025841446313984/fiWb1aBR_200x200.jpg,45,53977
1817662296845697246,tweet,"We all know the original Doge meme was a huge hit‚Äîtotally organic, not forced. That‚Äôs real meme magic. Now, there‚Äôs this new coin, $Neiro, but it‚Äôs all hype. It doesn‚Äôt have what made $Doge special.

And that‚Äôs exactly what we have $wif Dogwifhat. It‚Äôs not just another coin, it‚Äôs a movement.

#Dogwifhat is the true successor. It‚Äôs not about lineage; it‚Äôs about that authentic, viral charm. Achi, our Dogwifhat star, wasn‚Äôt made to be a meme, he just became one because he‚Äôs got that special something.

The king is dead, long live the King.",https://twitter.com/GamesMasterFlex/status/1817662296845697246,1722199436,3.07,twitter::4872130923,GamesMasterFlex,GamesMaster.wif üá¨üáß‚Ä£üá∫üá∏,3756,https://pbs.twimg.com/profile_images/1779732869645991936/2gRZ03ej_200x200.jpg,42,1450
1818197670776709302,tweet,"JUST IN: Dogwifhat (WIF) Trading Volume Spikes Amid Bullish Predictions

Dogwifhat (WIF) sees a 22% gain over the past month and analysts predict it could reach $3.3 or higher. With key support levels reclaimed, bullish indicators are emerging.",https://twitter.com/nifty0x/status/1818197670776709302,1722327079,3.23,twitter::982511326466658304,nifty0x,Nifty,3437,https://pbs.twimg.com/profile_images/1669853009847676928/ncp-EgCy_200x200.jpg,40,40
1818086617153708095,tweet,Solana Meme Showdown: Bonk (BONK) vs Dogwifhat (WIF). Can Either Derail The Rollblock (RBLK) Locomotive: Destination 200x...,https://twitter.com/MintressOfMemes/status/1818086617153708095,1722300602,2.8,twitter::1783458066551173120,MintressOfMemes,M.O.M.,5656,https://pbs.twimg.com/profile_images/1783458556395524096/xpVsM7m9_200x200.jpg,38,38
1818059513284477359,tweet,"All-Time Highs Ahead? Dogwifhat (WIF) Poised For Big Growth ‚Äî Analyst

",https://twitter.com/johnmorganFL/status/1818059513284477359,1722294140,3.14,twitter::2235329532,johnmorganFL,John Morgan,32147,https://pbs.twimg.com/profile_images/1707510467936309248/ALkIbh_U_200x200.jpg,37,41
7348514649396038942,tiktok-video,This dog is worth $3 Billion! #shibainu #doge #dogwifhat #elon ,https://www.tiktok.com/@ragzycrypto/video/7348514649396038942,1710959460,3.17,tiktok::6883555161625740294,ragzycrypto,Crypto Ragzy,219600,http://p19.tiktokcdn-us.com/tos-useast5-avt-0068-tx/7326084764573581358~tplv-tiktokx-cropcenter-q:100:100:q75.webp?nonce=40865&ps=95&refresh_token=1bd1d7774b01c81a2f58bfe951deabfc&s=AWEME_DETAIL&sc=avatar&shcp=1d1a97fc&shp=45126217&t=46,34,17263
1816609379032138087,tweet,"dogwifhat ü§ù Diamante

$500 ‚û°Ô∏è $85,161.60",https://twitter.com/rollbitcom/status/1816609379032138087,1721948401,3.0,twitter::1227923263533305857,rollbitcom,Rollbit,180426,https://pbs.twimg.com/profile_images/1813299453727498240/TjMsFK7K_200x200.jpg,33,4038
1817342586073526326,tweet,"If you‚Äôre looking for a place to trade, sign up to Rollbit using my Partner code

Trade Bitcoin, Ethereum, Solana, Pepe, dogwifhat, or any other crypto they have, up to 100-1,000x leverage

Sign up right now üëá
",https://twitter.com/3orovik/status/1817342586073526326,1722123211,3.21,twitter::1373786106118963200,3orovik,borovik,196166,https://pbs.twimg.com/profile_images/1602013001275432961/fPt7sb1f_200x200.png,25,3326
1817916630199845323,tweet,"Bitcoin dominance highest weekly close in years. 

Cryptotards everywhere realizing all they had to do is hold #bitcoin instead of worrying about when to pivot out of CumRocket to Dogwifhat.",https://twitter.com/NY_HODL/status/1817916630199845323,1722260074,2.86,twitter::1130513116373159936,NY_HODL,NY_HODL is stacking sats & jammin to Creeds Higher,2523,https://pbs.twimg.com/profile_images/1797099921616621568/tGnTlqmS_200x200.jpg,28,128
1803947932678242624,tweet,"What is $BAG?  

catwifbag is a meme originally posted on Instagram by Ma Babezz, the same person who originally posted the dogwifhat meme, she is the owner of the dogwifhat dog and catwifbag cat.

The Dog has a hat

The Cat has a bag.",https://twitter.com/wifbag/status/1803947932678242624,1718929677,3.16,twitter::1766677944687099904,wifbag,catwifbag,8954,https://pbs.twimg.com/profile_images/1766678153320071169/DNBVOmYv_200x200.png,24,5283
1814593591215350134,tweet,"#CMCNews: Dogwifhat Climbs Back into Top 50 Cryptocurrencies, Gaining 50% This Week


#Solana-based #memecoin #Dogwifhat $WIF has made a significant comeback, re-entering the top 50 #cryptocurrencies following a +49.8% increase over the past week...",https://twitter.com/CoinMarketCap/status/1814593591215350134,1721467800,3.51,twitter::2260491445,CoinMarketCap,CoinMarketCap,6323370,https://pbs.twimg.com/profile_images/1609596934557429760/lIbH-TCC_200x200.jpg,24,40086
t3_1ebvbyn,reddit-post,Explore BAMBIT: The Cutest Panda in Crypto with Big Dreams!,https://reddit.com/1ebvbyn,1721915273,2.83,reddit::t2_7px669gj,kadobaba66tr,kadobaba66tr,10284,https://i.redd.it/snoovatar/avatars/8dafc1b1-ad34-42ce-98f6-8f58186dda17-headshot.png,21,178
t3_1ebvbt1,reddit-post,Why BAMBIT is Poised to Join the Billion-Dollar Crypto Club! 2022 x Potential ,https://reddit.com/1ebvbt1,1721915260,2.72,reddit::t2_7px669gj,kadobaba66tr,kadobaba66tr,10284,https://i.redd.it/snoovatar/avatars/8dafc1b1-ad34-42ce-98f6-8f58186dda17-headshot.png,21,186
1817198706627592692,tweet,"4M token has been burnt and we are waiting for pushing this harder. The alpha play Smoking Chicken Fish did well and we could do the same asap.

Burn more and everything will go up is real

Proof:

#SCWIF #SmokingChickenDogwifhat $SCWIF",https://twitter.com/SCWIF_Project/status/1817198706627592692,1722088908,3.16,twitter::577476283,SCWIF_Project,Smoking Chicken Dogwifhat,4371,https://pbs.twimg.com/profile_images/1817110100806455297/mkC-tM5K_200x200.jpg,20,5272
1817197384864092295,tweet,"Smoking Chicken Dogwifhat - $SCWIF devs are reportedly behind other rugs such as $BEAST, $ROPE and $BUNNY. This project is very likely to end the same. 

",https://twitter.com/CryptoRugMunch/status/1817197384864092295,1722088593,3.12,twitter::1771377421117169668,CryptoRugMunch,Crypto Rug Muncher,21213,https://pbs.twimg.com/profile_images/1775207374329929728/qUcyb_2o_200x200.jpg,20,1389
1818138814524858473,tweet,Dogwifhat (WIF) Poised For Big Growth ‚Äî Analyst,https://twitter.com/jingerale5/status/1818138814524858473,1722313047,3.2,twitter::1671101950904119298,jingerale5,jingerale,58,https://pbs.twimg.com/profile_images/1792966158473478144/z4gVLx6g_200x200.jpg,19,21
1817312833916301677,tweet,$WIF,https://twitter.com/DocumentingWIF/status/1817312833916301677,1722116118,3.0,twitter::1770016076325093376,DocumentingWIF,Documenting dogwifhat üìÑüê∂üß¢,1120,https://pbs.twimg.com/profile_images/1770037886093541376/nAjxQwcd_200x200.jpg,16,4319
1807439182253420546,tweet,"The Dog has a hat
The Cat has a bag.

$BAG",https://twitter.com/wifbag/status/1807439182253420546,1719762056,3.27,twitter::1766677944687099904,wifbag,catwifbag,8954,https://pbs.twimg.com/profile_images/1766678153320071169/DNBVOmYv_200x200.png,17,2836
1810765879082201261,tweet,"When Talking About Dog üê∂
Ordinary People üÜö Crypto People 

Can you relate? üòÇ
Choose your favorite dog in the comments!
#Dogecoin #dogwifhat #Floki #SHIBARMY #BONK",https://twitter.com/gate_io/status/1810765879082201261,1720555202,3.13,twitter::912539725071777792,gate_io,Gate.io,1566907,https://pbs.twimg.com/profile_images/1791097066804097025/CIgnj2Ph_200x200.jpg,19,18827
t3_1ebv5y6,reddit-post,Explore BAMBIT: The Cutest Panda in Crypto with Big Dreams!,https://reddit.com/1ebv5y6,1721914825,2.83,reddit::t2_7px669gj,kadobaba66tr,kadobaba66tr,10284,https://i.redd.it/snoovatar/avatars/8dafc1b1-ad34-42ce-98f6-8f58186dda17-headshot.png,18,505
1818281200072724604,tweet,"1. Dogwifhat
Market cap: $2.1 billion (up 1,306%)",https://twitter.com/Forbes_MENA_/status/1818281200072724604,1722346994,3.0,twitter::1276177187322945541,Forbes_MENA_,Forbes Middle East,15203,https://pbs.twimg.com/profile_images/1586993846554066944/B0AVbzoA_200x200.jpg,18,19
1817876045837508772,tweet,"Life-changing Crypto Projects: Evaluating Dogwifhat, Worldcoin, and Viral DeFi Platform DTX Exchange

",https://twitter.com/johnmorganFL/status/1817876045837508772,1722250398,3.0,twitter::2235329532,johnmorganFL,John Morgan,32157,https://pbs.twimg.com/profile_images/1707510467936309248/ALkIbh_U_200x200.jpg,14,100
1818026285492486244,tweet,"@elliotrades dogwifhat üß¢ 
$WIF",https://twitter.com/bohotrades/status/1818026285492486244,1722286218,3.0,twitter::142963655,bohotrades,b o h o üåäŒ£,1422,https://pbs.twimg.com/profile_images/1815767037568020480/kDBapjgz_200x200.jpg,17,58
1818169683230458182,tweet,"üöÄ Is Dogwifhat (WIF) coin the next big thing? Analysts predict a massive 220% surge to $8.36! üìà Don't miss out on this explosive opportunity! üî• 

Read more here:

#Crypto #WIFcoin #Dogwifhat #Investing @CryptoScient",https://twitter.com/coinspotlight01/status/1818169683230458182,1722320407,3.05,twitter::1817116431974379520,coinspotlight01,Coin Spotlight,8,https://pbs.twimg.com/profile_images/1817117264279146496/ZTWnTQ0P_200x200.jpg,16,17
EP6mCuw2mzg,youtube-video,"dogwifhat (WIF) - COULD $2,923 MAKE YOU A MILLIONAIRE... REALISTICALLY???",https://youtube.com/watch?v=EP6mCuw2mzg,1715173212,3.14,youtube::UCu7Sre5A1NMV8J3s2FhluCw,CryptoLove,Crypto Love,242,https://yt3.ggpht.com/ytc/AIdro_mMEHSiJOHNGlRnRmVfBcO0sgTGBTLrSdQYUfwwGun_iw=s176-c-k-c0x00ffffff-no-rj,16,5632
1818065410312290385,tweet,All-Time Highs Ahead? Dogwifhat (WIF) Poised For Big Growth ‚Äî Analyst,https://twitter.com/CryptoJoseJM/status/1818065410312290385,1722295546,3.14,twitter::270618816,CryptoJoseJM,Jose JM,815,https://pbs.twimg.com/profile_images/975738177389580294/88Oi_b84_200x200.jpg,15,19
1818197686903861393,tweet,"Dogwifhat (WIF) Price Breakout Soon? Trading Volume Surges Amid Bullish Price Prediction 
Key points:

Dogwifhat (WIF) has shown mixed performance recently, with a 5% drop over the last week but a 22% gain over the past month.

Analysts are predicting potential growth for WIF, ‚Ä¶",https://twitter.com/NotAnotherTip/status/1818197686903861393,1722327083,3.21,twitter::1268007167409434624,NotAnotherTip,nickletipping.wiki,1112,https://pbs.twimg.com/profile_images/1804465201598631936/I_0jN64n_200x200.jpg,15,15
1816375301502619801,tweet,"As #Bitcoin Appeared on the Las Vegas Sphere Yesterday, Among these 7 #Cryptocurrencies, which one will be next?üî•üöÄ

1. Ethereum ( $ETH)
2. Solana ( $SOL)
3. Dogecoin ( $DOGE)
4. ShibaInu ( $SHIB)
5. Dogwifhat ( $WIF)
6. Pepe ( $PEPE)
7. Dog go to the moon ( $DOG)",https://twitter.com/MarketCoinpedia/status/1816375301502619801,1721892593,3.0,twitter::1621096802903818241,MarketCoinpedia,Coinpedia Markets,6147,https://pbs.twimg.com/profile_images/1629009962595926018/3JFmewmb_200x200.jpg,16,1704
1818077611756515634,tweet,"Dogwifhat (WIF) has gained attention lately, even though its value dropped by 5% last week. It did rise 22% over the past month, and analysts are seeing positive signs. The market cap is $2.47 billion, with predictions that it could reach $8.36 by the end of August.",https://twitter.com/BlockVoyagerAIO/status/1818077611756515634,1722298455,3.26,twitter::1709199703051759616,BlockVoyagerAIO,BlockVoyager,663,https://pbs.twimg.com/profile_images/1709402757193691136/W6Shx6Zp_200x200.jpg,15,19
1818118251856957537,tweet,"Dogwifhat (WIF) has seen a recent 5% drop in value but maintained a 22% increase over the past month. With a market cap of $2.47 billion, analysts are optimistic about its growth potential, forecasting it could reach $8.36 by August 28, 2024, if it breaks resistance at $3.30.",https://twitter.com/BlockVoyagerAIO/status/1818118251856957537,1722308144,3.25,twitter::1709199703051759616,BlockVoyagerAIO,BlockVoyager,663,https://pbs.twimg.com/profile_images/1709402757193691136/W6Shx6Zp_200x200.jpg,15,17
1817853520353132564,tweet,@fred7130 Only a matter of time before $WIF-halla,https://twitter.com/DocumentingWIF/status/1817853520353132564,1722245027,3.14,twitter::1770016076325093376,DocumentingWIF,Documenting dogwifhat üìÑüê∂üß¢,1121,https://pbs.twimg.com/profile_images/1770037886093541376/nAjxQwcd_200x200.jpg,8,81
1813925101823201646,tweet,"dogwifhat (WIF) ‚Äî 40% MOVE INCOMING?

This video is an extract of today's live session in which I discuss why a 40% move might be incoming for dogwifhat.

$WIF #dogwifhat #WIF @dogwifcoin",https://twitter.com/ben__crypto23/status/1813925101823201646,1721308420,3.1,twitter::1695509092624654336,ben__crypto23,Ben Walther,2898,https://pbs.twimg.com/profile_images/1815384322783805442/mJniybRS_200x200.png,13,519
My2TGjgSJMw,youtube-video,HOW TO BUY DOG WIF HAT COIN,https://youtube.com/watch?v=My2TGjgSJMw,1702926012,3.1,youtube::UCHqv8HoXfgaOGNPNgPo5FTg,CryptoTube,CryptoTube,36,https://yt3.ggpht.com/vA8xosLcoCrzF7syEHXG_bA09bubWii0sVlR03WH5ekfQlVZ3Pzw3rHTmuEg7fizCUveGJew=s176-c-k-c0x00ffffff-no-rj,13,14761
1768051987055067291,tweet,"Gaming crypto will be a 500 bill to 1 tril market cap in the near future.

We currently only have 1 coin‚Ä¶1 single coin‚Ä¶bigger than dogwifhat.

Disgusting awkwardly early. Up.",https://twitter.com/ZssBecker/status/1768051987055067291,1710371417,2.83,twitter::1243470638477697024,ZssBecker,Alex Becker üçäüèÜü•á,1022651,https://pbs.twimg.com/profile_images/1550828422762577922/S3-NhpCA_200x200.jpg,16,396575
1816504954137334000,tweet,"Shiba Inu, Dogecoin, Dogwifhat, Pepe,... which one are we missing?

Trading is volatile. And with high risk comes high reward.

To build your crypto portfolio, do it with our experts.

Comment ""HODL"" below",https://twitter.com/secondmountainx/status/1816504954137334000,1721923504,2.89,twitter::1317425725440512001,secondmountainx,Second Mountain.,20032,https://pbs.twimg.com/profile_images/1780487412440829954/mpfj1GTc_200x200.jpg,12,585
1818083785474228585,tweet,@cobie @JSeyff hmm is dogwifhat szn back again? jk stick to btc,https://twitter.com/MrWorldwide_Ams/status/1818083785474228585,1722299927,3.13,twitter::1654649357864411136,MrWorldwide_Ams,J,248,https://pbs.twimg.com/profile_images/1777965177473769472/d1Q4oVC8_200x200.jpg,12,12
KEU_hzmwsXw,youtube-video,WIF Will OVERTAKE DOGE In 85 Days! [Best Meme Coins To Buy Now],https://youtube.com/watch?v=KEU_hzmwsXw,1710420459,3.17,youtube::UCVVX-7tHff75fRAEEEnZiAQ,milesdeutscher1357,Miles Deutscher,185000,https://yt3.ggpht.com/_Zk087z9mtATIc2C0ihc7MV7CGyTKOs7Cz8FkP-b1E97_-rqfUethMHXqTiaB8Ru7H_fRSMxjiQ=s176-c-k-c0x00ffffff-no-rj,12,53169
1813577543267807425,tweet,"$WIF

üßë‚Äçüç≥üåä

#wif #wifusdt #dogwifhat",https://twitter.com/pauloricci8kk/status/1813577543267807425,1721225555,3.0,twitter::1649840755966345216,pauloricci8kk,Paulo Ricci,2136,https://pbs.twimg.com/profile_images/1709600237122170880/tBJlWEtA_200x200.jpg,11,2714
1817953801933914572,tweet,"Keep an eye on Beoble, and Dogwifhat ‚Äì these new projects are set to explode. Which one are you most excited about? üåü #CryptoNewcomers",https://twitter.com/MCryptoParadise/status/1817953801933914572,1722268936,3.23,twitter::1761075441576644608,MCryptoParadise,MyCryptoParadise.com,559,https://pbs.twimg.com/profile_images/1762096429714001920/fZuxwWMA_200x200.jpg,11,22
1817398682926334031,tweet,"if you‚Äôre more degen than dogwifhat, are you doing it right?",https://twitter.com/PuffinOnPulse/status/1817398682926334031,1722136586,3.24,twitter::1104400504103333888,PuffinOnPulse,PUFFIN ON PULSECHAIN,638,https://pbs.twimg.com/profile_images/1810140030511255552/CMpFWnPt_200x200.jpg,12,218
t3_1ebvp6j,reddit-post,Discover BAMBIT: The Rising Star of Solana's Memecoin Scene!,https://reddit.com/1ebvp6j,1721916212,2.77,reddit::t2_v7v9gbab,Djamur11,Djamur11,6933,"https://styles.redditmedia.com/t5_8ztgo6/styles/profileIcon_snoo0a2c586a-af19-45d6-a189-1e12c2e50ff3-headshot.png?width=256&height=256&crop=256:256,smart&s=f14bc527151ca40d831fa2353d1cac0fa3989c66",11,5178
DP60tY70keo,youtube-video,Dog with Hat lost his hat. üê∂üé© #animation #meme #dogwifhat #cartoon #crypto #duck,https://youtube.com/watch?v=DP60tY70keo,1719514806,3.25,youtube::UCoaq3uoxGuH4_hoqSXEMcmw,dougtheducksol,Doug the Duck,537,https://yt3.ggpht.com/csCC_EosaxcUMEjGCehBfokZuLAWb22ur1OJ8UsnTE6lfBXuBdUYy4hgbV648ckjoaZ4Fgm5R9o=s88-c-k-c0x00ffffff-no-rj,11,15018
1762542464253243400,tweet,#dogwifhat about to print that god candle üïØÔ∏è,https://twitter.com/tradesabove/status/1762542464253243400,1709057844,3.15,twitter::2544857125,tradesabove,trades above,5657,https://pbs.twimg.com/profile_images/1804056784665219074/QF9sHJfD_200x200.jpg,9,112
